subject,method,lam_p,sigma_min,sigma_max,PSNR,HFEN,SSIM
0,ISRSL0_wiener,0.077,0.3,5.0,30.835014075612435,0.2244890587435096,0.8043378044830838
0,ISRSL0_BM3D,0.077,0.3,5.0,27.977492901524524,0.21557543397833562,0.7676731084249071
0,SL0,0.077,0.3,5.0,24.789356813173356,0.23205546934412583,0.6467414562227418
0,Zero-filled,,,,24.149655535486257,0.23223651814410107,0.6386422039895238
1,ISRSL0_wiener,0.077,0.3,5.0,24.526784580548906,0.6155610387542702,0.49889390340652723
1,ISRSL0_BM3D,0.077,0.3,5.0,25.31966865358997,0.5987319145862455,0.5053842698962452
1,SL0,0.077,0.3,5.0,22.106835075712567,0.5820059727602331,0.5000806339833734
1,Zero-filled,,,,20.73878527981108,0.5823748642410193,0.4967136993679337
2,ISRSL0_wiener,0.077,0.3,5.0,29.305889236631707,0.3331593290775244,0.7227459070271991
2,ISRSL0_BM3D,0.077,0.3,5.0,26.025758297063952,0.32125484858337366,0.7049261003058038
2,SL0,0.077,0.3,5.0,22.497408568002335,0.3320108199615814,0.6018576140852365
2,Zero-filled,,,,21.441812271811358,0.33239065795536055,0.5912016130027069
3,ISRSL0_wiener,0.077,0.3,5.0,28.465547036318775,0.3609282835742197,0.6898056991014745
3,ISRSL0_BM3D,0.077,0.3,5.0,29.25157944733669,0.34461098267775286,0.6990638453316097
3,SL0,0.077,0.3,5.0,26.94943195380938,0.3541728763994725,0.6321347717208723
3,Zero-filled,,,,25.90721145379328,0.3542956867526977,0.6273814232299794
4,ISRSL0_wiener,0.077,0.3,5.0,25.40605713494378,0.30770033527477914,0.7033331406170372
4,ISRSL0_BM3D,0.077,0.3,5.0,24.121325068792324,0.28610576152331035,0.6842847970187317
4,SL0,0.077,0.3,5.0,23.712243015723633,0.29501231624940216,0.6043331136225253
4,Zero-filled,,,,23.311764157271373,0.2951114375890755,0.6014918185218848
5,ISRSL0_wiener,0.077,0.3,5.0,26.06911949984489,0.2007898453070055,0.7747621738811987
5,ISRSL0_BM3D,0.077,0.3,5.0,24.815417015062494,0.18541556436467857,0.7672651916859367
5,SL0,0.077,0.3,5.0,24.89825291104982,0.2012088878377368,0.6784726439710986
5,Zero-filled,,,,24.688588793740273,0.20128395116806203,0.6768903285670402
6,ISRSL0_wiener,0.077,0.3,5.0,25.785648922203627,0.2963149335844818,0.6929485119965819
6,ISRSL0_BM3D,0.077,0.3,5.0,25.55123166348093,0.2814060831535766,0.7089558420039546
6,SL0,0.077,0.3,5.0,24.948029241395485,0.2900071673745653,0.6239345863832104
6,Zero-filled,,,,24.87778254698659,0.2900407266973656,0.6230427663810674
7,ISRSL0_wiener,0.077,0.3,5.0,21.012720326747193,0.16255097824909695,0.7860279752005102
7,ISRSL0_BM3D,0.077,0.3,5.0,22.866212460098087,0.14452680655452205,0.8117377104661856
7,SL0,0.077,0.3,5.0,18.706896743445178,0.1666124732229281,0.6748627956963537
7,Zero-filled,,,,18.50002244799886,0.16674989464711565,0.6711851121214886
8,ISRSL0_wiener,0.077,0.3,5.0,23.076288949079142,0.26436867973361755,0.7415293536410873
8,ISRSL0_BM3D,0.077,0.3,5.0,22.8662420615344,0.24641637397755273,0.7510698591179583
8,SL0,0.077,0.3,5.0,21.056689781990098,0.25601976160657103,0.6603801470195545
8,Zero-filled,,,,20.70124446250729,0.256156322888283,0.6566522496289109
9,ISRSL0_wiener,0.077,0.3,5.0,18.05842291312496,0.27365159633534614,0.7049863457721336
9,ISRSL0_BM3D,0.077,0.3,5.0,15.171523838953977,0.2547954929989599,0.6153160500855913
9,SL0,0.077,0.3,5.0,15.743366641257065,0.2709249461987098,0.5443319355166528
9,Zero-filled,,,,15.365545224832626,0.27144657992063714,0.5366939328445545
10,ISRSL0_wiener,0.077,0.3,5.0,27.522187204148594,0.2584506282951301,0.7460871650946308
10,ISRSL0_BM3D,0.077,0.3,5.0,26.415814017365786,0.24516887565223816,0.7229390332171896
10,SL0,0.077,0.3,5.0,25.670586781481312,0.25830679348409524,0.6348900051842215
10,Zero-filled,,,,25.442798975902605,0.25836406086684616,0.6328750880757726
11,ISRSL0_wiener,0.077,0.3,5.0,30.009369826662,0.13916662116037584,0.8007765933553344
11,ISRSL0_BM3D,0.077,0.3,5.0,27.3341366968514,0.12963249914042657,0.818315600341109
11,SL0,0.077,0.3,5.0,26.650315524813802,0.1379468100296814,0.7461842343194303
11,Zero-filled,,,,26.51042404841729,0.13799029701234097,0.7451685962882496
12,ISRSL0_wiener,0.077,0.3,5.0,23.531323641375543,0.4169863747333194,0.6378450922168314
12,ISRSL0_BM3D,0.077,0.3,5.0,20.88736416206988,0.3972116035516983,0.6238101251766651
12,SL0,0.077,0.3,5.0,19.649600532216404,0.4047619824096483,0.5577182567477605
12,Zero-filled,,,,18.32978637189646,0.4054783016310303,0.545647889627845
13,ISRSL0_wiener,0.077,0.3,5.0,23.22946957991091,0.2356733277142594,0.7312649053475755
13,ISRSL0_BM3D,0.077,0.3,5.0,21.885502493232522,0.21722218619806266,0.6959072359643583
13,SL0,0.077,0.3,5.0,21.06490048806199,0.23159597145826732,0.6023450848386362
13,Zero-filled,,,,20.69485088011737,0.23178215192598695,0.5973765316446843
14,ISRSL0_wiener,0.077,0.3,5.0,26.49709671814467,0.3299888040115967,0.7053502311491654
14,ISRSL0_BM3D,0.077,0.3,5.0,25.989976322983406,0.3098807951380119,0.6893019900607862
14,SL0,0.077,0.3,5.0,24.569680867301948,0.32142549352563854,0.5945332452994526
14,Zero-filled,,,,24.273064262601473,0.3214987502943966,0.5920849726685025
15,ISRSL0_wiener,0.077,0.3,5.0,21.45426986507544,0.26208543510191595,0.7368512933272953
15,ISRSL0_BM3D,0.077,0.3,5.0,20.171405787747073,0.2422035265290547,0.6996795368587005
15,SL0,0.077,0.3,5.0,20.161601299619072,0.2536666444248314,0.627267222777583
15,Zero-filled,,,,19.414957689067457,0.25419177511025076,0.6138197652960754
16,ISRSL0_wiener,0.077,0.3,5.0,21.09499661194104,0.30222602680381283,0.678163981379011
16,ISRSL0_BM3D,0.077,0.3,5.0,19.150416390453337,0.2842866541262816,0.6412988601886807
16,SL0,0.077,0.3,5.0,18.488839365046502,0.2981245338649381,0.5446899562206343
16,Zero-filled,,,,18.196919204344617,0.29838295003181253,0.5409414833341207
17,ISRSL0_wiener,0.077,0.3,5.0,27.460379719980168,0.2689511966315285,0.7240280579202558
17,ISRSL0_BM3D,0.077,0.3,5.0,27.61389517785294,0.2529899980588628,0.7370325871520436
17,SL0,0.077,0.3,5.0,26.303962248807462,0.264239142821003,0.6663877215552132
17,Zero-filled,,,,26.35128160985568,0.26425529819725135,0.6658841423634898
18,ISRSL0_wiener,0.077,0.3,5.0,28.455840189939615,0.3267402865122888,0.7071070839216984
18,ISRSL0_BM3D,0.077,0.3,5.0,23.07628798747915,0.31153528578001477,0.6655390076466787
18,SL0,0.077,0.3,5.0,22.194944135136843,0.3236477811982755,0.5880902533275948
18,Zero-filled,,,,21.269871868561097,0.3239219879796388,0.5804646321529595
19,ISRSL0_wiener,0.077,0.3,5.0,23.905998447724638,0.35609994923134863,0.6968994185463954
19,ISRSL0_BM3D,0.077,0.3,5.0,23.636858167524796,0.33474773122250007,0.6873202929637557
19,SL0,0.077,0.3,5.0,18.122556850054362,0.35073376209771717,0.5645358540032651
19,Zero-filled,,,,17.08162787065748,0.3517633295955764,0.5474305557656114
20,ISRSL0_wiener,0.077,0.3,5.0,26.98715398144145,0.3009412547038876,0.7395273677159984
20,ISRSL0_BM3D,0.077,0.3,5.0,27.155573037715808,0.285454718609241,0.7431140059953636
20,SL0,0.077,0.3,5.0,23.082037100985392,0.2991372884712079,0.6402385598752945
20,Zero-filled,,,,22.255585806128106,0.29936222488542386,0.6329743844632669
21,ISRSL0_wiener,0.077,0.3,5.0,30.826631865041,0.25235921443494796,0.7853634612787727
21,ISRSL0_BM3D,0.077,0.3,5.0,26.771577855723578,0.23703620743735918,0.8042214257845433
21,SL0,0.077,0.3,5.0,26.518293977379717,0.2431636264674958,0.7356616816118302
21,Zero-filled,,,,25.683470164982584,0.24326023441670674,0.7319916423750605
22,ISRSL0_wiener,0.077,0.3,5.0,26.320342745674857,0.3535972566166121,0.7161593612817719
22,ISRSL0_BM3D,0.077,0.3,5.0,23.972175477228774,0.3361064128694544,0.692083250215008
22,SL0,0.077,0.3,5.0,22.567725328333637,0.3544576293822398,0.5983243123094357
22,Zero-filled,,,,22.148979362506417,0.35459285598997553,0.5951979643415627
23,ISRSL0_wiener,0.077,0.3,5.0,28.315949950661846,0.33874309903164235,0.718409333992747
23,ISRSL0_BM3D,0.077,0.3,5.0,23.56407474163987,0.32568345209206523,0.6695932950350287
23,SL0,0.077,0.3,5.0,19.503289086961132,0.340513198220063,0.5559846819207471
23,Zero-filled,,,,18.47512962874249,0.34120915932705914,0.5415355596884674
24,ISRSL0_wiener,0.077,0.3,5.0,25.304071182704586,0.30493643024356193,0.7395133324005754
24,ISRSL0_BM3D,0.077,0.3,5.0,22.71013658899853,0.28803337060242673,0.7247411171123058
24,SL0,0.077,0.3,5.0,20.751003757820364,0.2995030117878704,0.6208067833263525
24,Zero-filled,,,,19.754129975126414,0.30002982782262366,0.6074192629227156
25,ISRSL0_wiener,0.077,0.3,5.0,27.833601872926515,0.3036883507419606,0.7099214720396941
25,ISRSL0_BM3D,0.077,0.3,5.0,27.201154523778325,0.287692238856051,0.7051470148638732
25,SL0,0.077,0.3,5.0,25.886671162230993,0.2966943394888699,0.6368662852741765
25,Zero-filled,,,,25.648646330175644,0.29673673271785145,0.6353326015215459
26,ISRSL0_wiener,0.077,0.3,5.0,27.397615254728848,0.23762953657141503,0.7745021361074185
26,ISRSL0_BM3D,0.077,0.3,5.0,25.13487268152915,0.22095446723209422,0.7753183325844175
26,SL0,0.077,0.3,5.0,23.78978188165908,0.2289907691906282,0.6907926146272274
26,Zero-filled,,,,23.37586378807696,0.22909087154452662,0.6880145220164707
27,ISRSL0_wiener,0.077,0.3,5.0,26.851837815324103,0.35775015595700105,0.7004706926886406
27,ISRSL0_BM3D,0.077,0.3,5.0,24.651513037772965,0.34221734329803466,0.6908326023064248
27,SL0,0.077,0.3,5.0,23.202084613689276,0.3494147611613279,0.6234032109469125
27,Zero-filled,,,,22.296968623358154,0.3496474079793736,0.6168157786345387
28,ISRSL0_wiener,0.077,0.3,5.0,25.054338660905827,0.2641531895350375,0.778721363149884
28,ISRSL0_BM3D,0.077,0.3,5.0,23.745599192055646,0.2481663210998479,0.7695430055826136
28,SL0,0.077,0.3,5.0,24.498186321799118,0.2604085966890532,0.6932089194043324
28,Zero-filled,,,,23.406437141319078,0.2605967012007862,0.6860795545750863
29,ISRSL0_wiener,0.077,0.3,5.0,28.91566208506965,0.18877831781346535,0.7923699710057541
29,ISRSL0_BM3D,0.077,0.3,5.0,27.26823970490232,0.1760609614009305,0.8049856161946287
29,SL0,0.077,0.3,5.0,26.875055742473965,0.1858930375588175,0.7207825345308737
29,Zero-filled,,,,26.731913365163066,0.185925624778632,0.7197875305089471
30,ISRSL0_wiener,0.077,0.3,5.0,27.5315266400518,0.25466898845281283,0.7638543385113661
30,ISRSL0_BM3D,0.077,0.3,5.0,24.343217039081058,0.24044321505785152,0.7164224354758248
30,SL0,0.077,0.3,5.0,23.324519060053845,0.2553588451134079,0.6176668263348989
30,Zero-filled,,,,22.567516609517135,0.25558550192265056,0.608867632545542
31,ISRSL0_wiener,0.077,0.3,5.0,27.43860865630777,0.2936487096150178,0.7289320980369594
31,ISRSL0_BM3D,0.077,0.3,5.0,24.940280893123337,0.28051739023645106,0.7151147356776814
31,SL0,0.077,0.3,5.0,24.09790713749471,0.2925090391673266,0.6301504595433467
31,Zero-filled,,,,23.822594234472966,0.2925924290930538,0.6283683884752443
32,ISRSL0_wiener,0.077,0.3,5.0,29.595110107302233,0.18319556657599023,0.8116708332721145
32,ISRSL0_BM3D,0.077,0.3,5.0,26.78902433893926,0.17178083396729088,0.7528821806981282
32,SL0,0.077,0.3,5.0,26.64974619579622,0.18241590314320066,0.6715977362062109
32,Zero-filled,,,,26.19539544960682,0.18248411443752793,0.6664838518072834
33,ISRSL0_wiener,0.077,0.3,5.0,26.405489548605342,0.31061527368777214,0.7331817131447866
33,ISRSL0_BM3D,0.077,0.3,5.0,23.111936678631942,0.2986328425496054,0.6805235631282825
33,SL0,0.077,0.3,5.0,17.94772830093261,0.31226483420224493,0.5347529911662507
33,Zero-filled,,,,16.990448413098054,0.3132789249920676,0.5161702953941663
34,ISRSL0_wiener,0.077,0.3,5.0,27.071802521452625,0.28735551563586365,0.7363627171564554
34,ISRSL0_BM3D,0.077,0.3,5.0,23.339516090226873,0.27088677179744985,0.6969221420060829
34,SL0,0.077,0.3,5.0,23.159557168832805,0.28665643027147164,0.6029960707145373
34,Zero-filled,,,,22.751517841820018,0.28680512835650257,0.5993707112090695
35,ISRSL0_wiener,0.077,0.3,5.0,27.759861940926136,0.21560055513384616,0.7849638509028634
35,ISRSL0_BM3D,0.077,0.3,5.0,27.306931353792713,0.20067553511254796,0.7938773579955173
35,SL0,0.077,0.3,5.0,26.03563375597005,0.2114311323428615,0.6983137589131824
35,Zero-filled,,,,25.67257282514579,0.21148657895073059,0.6963158927620977
36,ISRSL0_wiener,0.077,0.3,5.0,27.907741427851008,0.18462391522558197,0.8055877776148648
36,ISRSL0_BM3D,0.077,0.3,5.0,25.63634152589747,0.17158664213477348,0.8087459348270516
36,SL0,0.077,0.3,5.0,24.77336522580975,0.18223321726448294,0.7305284523908937
36,Zero-filled,,,,24.438542397778484,0.18231095826087015,0.728530837207756
37,ISRSL0_wiener,0.077,0.3,5.0,28.558036810894674,0.22967097990719063,0.7956363828023207
37,ISRSL0_BM3D,0.077,0.3,5.0,27.82869635809196,0.21659719964920893,0.8041088774432297
37,SL0,0.077,0.3,5.0,14.37567923608447,0.24219245105687537,0.4563082051381832
37,Zero-filled,,,,13.755746012397744,0.2441723896241527,0.43589897969348135
38,ISRSL0_wiener,0.077,0.3,5.0,25.143333047555583,0.2468173488874776,0.7389517014932963
38,ISRSL0_BM3D,0.077,0.3,5.0,22.804175747886717,0.23201308870121293,0.7169709936852371
38,SL0,0.077,0.3,5.0,23.41516075075598,0.2441848709306947,0.6352315372960425
38,Zero-filled,,,,23.04861863651012,0.2442862146311761,0.632673232090423
39,ISRSL0_wiener,0.077,0.3,5.0,24.959543544585646,0.21208606330174648,0.792913927037737
39,ISRSL0_BM3D,0.077,0.3,5.0,23.95985634006874,0.19752994738093654,0.7938587981001726
39,SL0,0.077,0.3,5.0,22.469377062230727,0.209378274915084,0.6936803988920188
39,Zero-filled,,,,21.839800648053238,0.20969295692411075,0.683151978850342
40,ISRSL0_wiener,0.077,0.3,5.0,28.102650565295914,0.2615167076982315,0.7462869757683728
40,ISRSL0_BM3D,0.077,0.3,5.0,27.923726286237795,0.2452340520712109,0.7468175485081638
40,SL0,0.077,0.3,5.0,26.39783032388234,0.26048766993035943,0.6648413978109375
40,Zero-filled,,,,26.412849592177178,0.26052658185058986,0.6638932962034408
41,ISRSL0_wiener,0.077,0.3,5.0,24.450069831449824,0.35363274100844444,0.6932571141476501
41,ISRSL0_BM3D,0.077,0.3,5.0,25.190244825883084,0.3325647688124727,0.6974581498919723
41,SL0,0.077,0.3,5.0,21.644980594135646,0.34628765950519835,0.5921786678214609
41,Zero-filled,,,,21.13958141761629,0.34643894337120285,0.5886621273862703
42,ISRSL0_wiener,0.077,0.3,5.0,26.84378914695901,0.2573993136900784,0.7326000612207532
42,ISRSL0_BM3D,0.077,0.3,5.0,27.648003011733763,0.24067819813772112,0.7453088764060422
42,SL0,0.077,0.3,5.0,26.36229561312281,0.2527412302470516,0.6625338767640977
42,Zero-filled,,,,26.27583065847809,0.25276837127334667,0.6617832007948123
43,ISRSL0_wiener,0.077,0.3,5.0,21.958944698978424,0.3714448430818416,0.6569786984398853
43,ISRSL0_BM3D,0.077,0.3,5.0,23.015572779612377,0.354897888032219,0.6383137723674421
43,SL0,0.077,0.3,5.0,21.464651738758146,0.3676150772906569,0.5582612756903454
43,Zero-filled,,,,21.014405216844565,0.3677814096821168,0.5547559993206954
44,ISRSL0_wiener,0.077,0.3,5.0,26.6993989992335,0.22973262363344457,0.7577295990764242
44,ISRSL0_BM3D,0.077,0.3,5.0,23.440907598630957,0.21530901085038395,0.7338576610357769
44,SL0,0.077,0.3,5.0,23.57734993715666,0.22871466637768897,0.6639479032687035
44,Zero-filled,,,,23.374314595784597,0.22877788595501988,0.662628436475871
45,ISRSL0_wiener,0.077,0.3,5.0,25.65963820195637,0.2938990282399516,0.737969050488997
45,ISRSL0_BM3D,0.077,0.3,5.0,23.85646712043467,0.2777780289170702,0.7169045834059482
45,SL0,0.077,0.3,5.0,21.79687118163202,0.2912760678152218,0.6153493488944624
45,Zero-filled,,,,20.865239161279412,0.2916209302072412,0.6053813096624694
46,ISRSL0_wiener,0.077,0.3,5.0,27.006168587006254,0.2813637549635093,0.7421010068352779
46,ISRSL0_BM3D,0.077,0.3,5.0,26.95378980392457,0.2696075573122733,0.7292799939665408
46,SL0,0.077,0.3,5.0,25.526817862407217,0.2791831023601231,0.6215950833586527
46,Zero-filled,,,,25.398962611689342,0.27921941992628835,0.6201367573127716
47,ISRSL0_wiener,0.077,0.3,5.0,21.730977988530007,0.3313671893573916,0.7039416497172737
47,ISRSL0_BM3D,0.077,0.3,5.0,21.93478286270812,0.3115585777659418,0.7000179849190132
47,SL0,0.077,0.3,5.0,15.689340957111122,0.3238151357265301,0.5457112039704355
47,Zero-filled,,,,14.639459933892061,0.3253026430394114,0.5233328065572602
48,ISRSL0_wiener,0.077,0.3,5.0,26.130632441390066,0.1474661811529921,0.8121343703509213
48,ISRSL0_BM3D,0.077,0.3,5.0,26.759256937709406,0.13813713107580272,0.8269643660341907
48,SL0,0.077,0.3,5.0,25.42681110789711,0.14921859663805945,0.7307409262482911
48,Zero-filled,,,,25.208176395502228,0.14932239082030582,0.7285760643489351
49,ISRSL0_wiener,0.077,0.3,5.0,26.629538230040236,0.28293719303608733,0.7395986791798164
49,ISRSL0_BM3D,0.077,0.3,5.0,24.2701658049959,0.2650152699724364,0.7169650946416432
49,SL0,0.077,0.3,5.0,22.81629083822495,0.2801031389199469,0.614331977292736
49,Zero-filled,,,,22.065898189454877,0.28037994422779705,0.6064450953159092
50,ISRSL0_wiener,0.077,0.3,5.0,24.99645485951615,0.27892773054823566,0.7258968691641605
50,ISRSL0_BM3D,0.077,0.3,5.0,23.77443553526576,0.2544961889362269,0.7353102421993043
50,SL0,0.077,0.3,5.0,23.505829410992067,0.2703570504468618,0.6436145383387991
50,Zero-filled,,,,23.170304655873757,0.2705048191331133,0.6410577948599335
51,ISRSL0_wiener,0.077,0.3,5.0,28.399429203006253,0.24176441414729674,0.7855177814906167
51,ISRSL0_BM3D,0.077,0.3,5.0,26.758423660976547,0.23091070234594488,0.7750571770902156
51,SL0,0.077,0.3,5.0,19.884623864064398,0.24597732471672568,0.6102842423357075
51,Zero-filled,,,,19.119492074451326,0.2464773960575957,0.5973673187989917
52,ISRSL0_wiener,0.077,0.3,5.0,26.71623616467187,0.30157145766020393,0.7366599610788191
52,ISRSL0_BM3D,0.077,0.3,5.0,24.85843164715156,0.28502131962190314,0.7047238092627571
52,SL0,0.077,0.3,5.0,22.591546972389054,0.2977201002533109,0.597743286033721
52,Zero-filled,,,,22.071507158914862,0.2978599771510115,0.5935640170799215
53,ISRSL0_wiener,0.077,0.3,5.0,29.147427558005408,0.30708628750526606,0.7453329352574531
53,ISRSL0_BM3D,0.077,0.3,5.0,24.868531015587006,0.29615819218512196,0.7106028895767666
53,SL0,0.077,0.3,5.0,23.119870683363605,0.30523588819219866,0.6273974433586457
53,Zero-filled,,,,22.087280378494043,0.30554894535380966,0.6168204889883683
54,ISRSL0_wiener,0.077,0.3,5.0,31.586338175302295,0.20147013728089405,0.8243447764467366
54,ISRSL0_BM3D,0.077,0.3,5.0,30.0127786003244,0.19164445027478816,0.8167292428579134
54,SL0,0.077,0.3,5.0,27.943674964970025,0.2069507600304075,0.705972606807833
54,Zero-filled,,,,27.554300322486572,0.20701404541790827,0.7017949338561197
55,ISRSL0_wiener,0.077,0.3,5.0,19.725573648498905,0.3365910919714403,0.6733695612231322
55,ISRSL0_BM3D,0.077,0.3,5.0,20.943389624816877,0.3098973142334872,0.6679801619959315
55,SL0,0.077,0.3,5.0,19.04921944420745,0.32119058438756615,0.5706679493908177
55,Zero-filled,,,,18.153832076075606,0.32174992463136914,0.559730095800795
56,ISRSL0_wiener,0.077,0.3,5.0,25.26230647513792,0.4338482959487453,0.622468989010518
56,ISRSL0_BM3D,0.077,0.3,5.0,24.154963047310787,0.41572936511876446,0.617365734472066
56,SL0,0.077,0.3,5.0,22.305182498419832,0.4254743507714189,0.552429469886607
56,Zero-filled,,,,21.78012303229902,0.42557148088087765,0.5501239042072593
57,ISRSL0_wiener,0.077,0.3,5.0,27.840283820483037,0.2681974463013689,0.7472479950877278
57,ISRSL0_BM3D,0.077,0.3,5.0,28.541674376994717,0.2510408340551363,0.7523810789069235
57,SL0,0.077,0.3,5.0,26.905974496958855,0.2649281789233234,0.6541041898997964
57,Zero-filled,,,,26.73316780138451,0.2649618480941006,0.6524298251060755
58,ISRSL0_wiener,0.077,0.3,5.0,30.523853337013442,0.29490124886017205,0.7493994458928513
58,ISRSL0_BM3D,0.077,0.3,5.0,29.109506501699904,0.2807715285260691,0.7362313940200803
58,SL0,0.077,0.3,5.0,22.731820687263063,0.2943165146343709,0.6120381595528859
58,Zero-filled,,,,21.887442113302317,0.2946353643818754,0.6021048921496522
59,ISRSL0_wiener,0.077,0.3,5.0,24.45921553493848,0.3283429051950426,0.7016395304653608
59,ISRSL0_BM3D,0.077,0.3,5.0,26.79083721691011,0.3118556627800318,0.7168545028096079
59,SL0,0.077,0.3,5.0,24.383744654118466,0.32057871150204303,0.605128258960837
59,Zero-filled,,,,24.042918563614958,0.32064381373269013,0.6033511475905677
60,ISRSL0_wiener,0.077,0.3,5.0,27.99935192210374,0.38140307263094514,0.6869240399296771
60,ISRSL0_BM3D,0.077,0.3,5.0,27.89875870785766,0.3624025769032006,0.688789906837261
60,SL0,0.077,0.3,5.0,24.265086939542122,0.3767437473440691,0.5969392926863744
60,Zero-filled,,,,23.059346584521656,0.37701950951691826,0.5886088029244155
61,ISRSL0_wiener,0.077,0.3,5.0,23.79160087098842,0.3511134608707016,0.6727123991806399
61,ISRSL0_BM3D,0.077,0.3,5.0,19.85243593022161,0.33283664892994924,0.6279862972868758
61,SL0,0.077,0.3,5.0,19.692814709185594,0.3447983085912843,0.5501869192106709
61,Zero-filled,,,,19.374640311321535,0.3449828298051424,0.5473767137609177
62,ISRSL0_wiener,0.077,0.3,5.0,30.378679700345405,0.16951577955894603,0.8180935318631006
62,ISRSL0_BM3D,0.077,0.3,5.0,30.784527929929197,0.1596654014814714,0.8430074780608957
62,SL0,0.077,0.3,5.0,28.351395402551685,0.17292417346513397,0.7427987970496263
62,Zero-filled,,,,28.404219099844376,0.17295348558258505,0.7422205441580416
63,ISRSL0_wiener,0.077,0.3,5.0,24.11872128805447,0.2742608281627457,0.7190999089762352
63,ISRSL0_BM3D,0.077,0.3,5.0,22.551083326214304,0.25973157623839765,0.7038398499406723
63,SL0,0.077,0.3,5.0,22.50175533287458,0.27257593091289267,0.6201837763317284
63,Zero-filled,,,,22.250448007358017,0.27267861061896315,0.6182681582074321
64,ISRSL0_wiener,0.077,0.3,5.0,26.17700304818505,0.27557527717557334,0.7305778645875787
64,ISRSL0_BM3D,0.077,0.3,5.0,25.2036195151484,0.26442786681953406,0.7180183518079724
64,SL0,0.077,0.3,5.0,23.94500743384159,0.2764472906149727,0.6187439153892195
64,Zero-filled,,,,23.68532294309734,0.2765426902148032,0.6166694838656578
65,ISRSL0_wiener,0.077,0.3,5.0,24.89504018355991,0.3975327443410358,0.6611056041385237
65,ISRSL0_BM3D,0.077,0.3,5.0,24.302485581926277,0.3735392552135331,0.6582709798823769
65,SL0,0.077,0.3,5.0,21.121001002882423,0.3870448649940663,0.5763559829961856
65,Zero-filled,,,,19.850970476350827,0.3875286844001967,0.5660543825463186
66,ISRSL0_wiener,0.077,0.3,5.0,26.719963163238525,0.29647053037422794,0.7004141944114659
66,ISRSL0_BM3D,0.077,0.3,5.0,26.17089563599746,0.2809934563380272,0.6818816214627514
66,SL0,0.077,0.3,5.0,25.259641403643833,0.28836298935100996,0.605965203512691
66,Zero-filled,,,,25.130488608252712,0.2884070402538693,0.6040927573287196
67,ISRSL0_wiener,0.077,0.3,5.0,20.483749962226227,0.32880085802917225,0.6451519841142246
67,ISRSL0_BM3D,0.077,0.3,5.0,20.596119105303785,0.3086231943499306,0.622875615095646
67,SL0,0.077,0.3,5.0,20.166726577769367,0.32164678497319266,0.5288139579930494
67,Zero-filled,,,,19.87512335209046,0.3218095324922246,0.5261202246083285
68,ISRSL0_wiener,0.077,0.3,5.0,19.60805490728935,0.31551173084508854,0.640935507352515
68,ISRSL0_BM3D,0.077,0.3,5.0,17.9400826283919,0.29439846731342967,0.6015318224185415
68,SL0,0.077,0.3,5.0,17.61436493341273,0.3093197176611831,0.5080924073443345
68,Zero-filled,,,,17.34913869458443,0.3095668445905613,0.5047257702970832
69,ISRSL0_wiener,0.077,0.3,5.0,28.33208345132299,0.4090332184080838,0.6635185617713351
69,ISRSL0_BM3D,0.077,0.3,5.0,25.28440585923532,0.39490384115924965,0.6334087469362379
69,SL0,0.077,0.3,5.0,24.575114706979186,0.4083231134284369,0.5642505957827494
69,Zero-filled,,,,23.261773193063696,0.40857133187141803,0.5561209309144112
70,ISRSL0_wiener,0.077,0.3,5.0,29.01696400047191,0.14925557678229812,0.8328145734162
70,ISRSL0_BM3D,0.077,0.3,5.0,26.13870378710812,0.14237122464615434,0.8406953713188884
70,SL0,0.077,0.3,5.0,26.20838777648799,0.15181528690186533,0.7606101270425254
70,Zero-filled,,,,25.978052683382774,0.15186975912751324,0.7589464382327513
71,ISRSL0_wiener,0.077,0.3,5.0,26.840250541209425,0.25757672178858726,0.7744911959767764
71,ISRSL0_BM3D,0.077,0.3,5.0,23.92459243956715,0.2403534299198957,0.7478607245916553
71,SL0,0.077,0.3,5.0,16.960718881321064,0.2661568977121377,0.5395412483608052
71,Zero-filled,,,,16.11171130756563,0.26734844064960184,0.5197424020575541
72,ISRSL0_wiener,0.077,0.3,5.0,27.142187063451697,0.19774233026962879,0.7565055211781723
72,ISRSL0_BM3D,0.077,0.3,5.0,27.24423319286183,0.18360345098547523,0.7848731674742261
72,SL0,0.077,0.3,5.0,26.61552348114476,0.19421429810292493,0.7057713795821783
72,Zero-filled,,,,26.4858998679699,0.1942541058002432,0.7048218606503771
73,ISRSL0_wiener,0.077,0.3,5.0,27.842462518003597,0.2219156448422348,0.7367246976671131
73,ISRSL0_BM3D,0.077,0.3,5.0,27.170987663756037,0.20747135360306926,0.7393012941984569
73,SL0,0.077,0.3,5.0,25.89274774403727,0.2168307000533981,0.651666370429194
73,Zero-filled,,,,25.673391047308982,0.2168968083682873,0.649639980886745
74,ISRSL0_wiener,0.077,0.3,5.0,27.89314110502839,0.3078300661808956,0.7395640064496869
74,ISRSL0_BM3D,0.077,0.3,5.0,23.547685205104916,0.29331825744097084,0.6862851744082495
74,SL0,0.077,0.3,5.0,21.397436237607206,0.31061101444886124,0.5887303749081984
74,Zero-filled,,,,20.704363026266833,0.31094175155771636,0.5799657508680133
75,ISRSL0_wiener,0.077,0.3,5.0,27.05850633401336,0.2956406806068041,0.7535282504377976
75,ISRSL0_BM3D,0.077,0.3,5.0,27.69087428590636,0.2757827581760831,0.750005526588769
75,SL0,0.077,0.3,5.0,26.27021570551296,0.2898293498751071,0.6550361389288334
75,Zero-filled,,,,26.19989946047717,0.2898542090565772,0.6529201243996409
76,ISRSL0_wiener,0.077,0.3,5.0,25.3938650892424,0.3376878449434378,0.7044710928437325
76,ISRSL0_BM3D,0.077,0.3,5.0,25.94440847921674,0.31851034580317317,0.6968326058179966
76,SL0,0.077,0.3,5.0,24.670132371596686,0.33042683362088654,0.6156842585611048
76,Zero-filled,,,,24.77448797513098,0.3304447116195077,0.6141768284848501
77,ISRSL0_wiener,0.077,0.3,5.0,17.182406293753075,0.35231243363691556,0.6332887280247186
77,ISRSL0_BM3D,0.077,0.3,5.0,15.778267614870705,0.33237933513826085,0.5749579609530237
77,SL0,0.077,0.3,5.0,14.82839194018759,0.3358966461940064,0.4979338966901573
77,Zero-filled,,,,14.360621352531854,0.336676195991404,0.4893380702185891
78,ISRSL0_wiener,0.077,0.3,5.0,26.801015860214818,0.21895548812829818,0.7773689077723454
78,ISRSL0_BM3D,0.077,0.3,5.0,26.36222033030267,0.20287928223855617,0.7872045649099996
78,SL0,0.077,0.3,5.0,17.311877991836162,0.2240229843292384,0.5730706940018443
78,Zero-filled,,,,16.83950811157741,0.22476576147149174,0.5612128883331998
79,ISRSL0_wiener,0.077,0.3,5.0,25.24618490047406,0.7095308895669702,0.42826825390679846
79,ISRSL0_BM3D,0.077,0.3,5.0,19.98543234213468,0.7106287806325621,0.43592830567621876
79,SL0,0.077,0.3,5.0,20.76535732022963,0.6772730943311351,0.4700273832551504
79,Zero-filled,,,,19.75911028273805,0.6777421484064315,0.46867218152402457
80,ISRSL0_wiener,0.077,0.3,5.0,29.870466427479926,0.18307293157098176,0.8079023494128097
80,ISRSL0_BM3D,0.077,0.3,5.0,29.915536585534753,0.17394010665174262,0.81784193387411
80,SL0,0.077,0.3,5.0,28.7788154925796,0.1818140695927193,0.7326141423344747
80,Zero-filled,,,,28.569375202369404,0.18184413891694387,0.7312644253473861
81,ISRSL0_wiener,0.077,0.3,5.0,25.45298851313469,0.28945419520764193,0.7216425486091794
81,ISRSL0_BM3D,0.077,0.3,5.0,25.927723189209853,0.2752305353801174,0.7146998887641901
81,SL0,0.077,0.3,5.0,24.54989843103265,0.28276864723714207,0.6149091466667742
81,Zero-filled,,,,24.29363316224673,0.282831619126197,0.6130960424627019
82,ISRSL0_wiener,0.077,0.3,5.0,19.630452442364177,0.4507587745120981,0.6099534008330766
82,ISRSL0_BM3D,0.077,0.3,5.0,18.00697013489319,0.4308991548503359,0.597682831037245
82,SL0,0.077,0.3,5.0,19.0253807627752,0.4251236517070465,0.5751824652559091
82,Zero-filled,,,,17.34669234730949,0.42589990350445456,0.5620046780126297
83,ISRSL0_wiener,0.077,0.3,5.0,26.951392643615538,0.26473352410709655,0.7725415428766402
83,ISRSL0_BM3D,0.077,0.3,5.0,25.067810502101715,0.2502676565754013,0.7360412524943292
83,SL0,0.077,0.3,5.0,20.51253688768906,0.27238383803337435,0.583507298849565
83,Zero-filled,,,,19.923741325046336,0.27274958308662056,0.5736432606057513
84,ISRSL0_wiener,0.077,0.3,5.0,30.353570039215633,0.2613698060562899,0.7700299172950037
84,ISRSL0_BM3D,0.077,0.3,5.0,28.751671697943184,0.2476511905249234,0.7779919405510537
84,SL0,0.077,0.3,5.0,25.580924659289053,0.2631164300526097,0.6601101303876974
84,Zero-filled,,,,24.943315972046666,0.26325330966609445,0.6541638472053649
85,ISRSL0_wiener,0.077,0.3,5.0,25.875260169771884,0.2966113570791269,0.7147026018599268
85,ISRSL0_BM3D,0.077,0.3,5.0,25.258574696942556,0.27845186622042944,0.7201814997748107
85,SL0,0.077,0.3,5.0,23.886648357816618,0.293700261435415,0.6132399152748724
85,Zero-filled,,,,23.650921275082318,0.2937688237365301,0.6115168467306673
86,ISRSL0_wiener,0.077,0.3,5.0,26.771491027087396,0.29631299495266056,0.7407846381694932
86,ISRSL0_BM3D,0.077,0.3,5.0,25.997053503315342,0.2761582599008022,0.7360359466930207
86,SL0,0.077,0.3,5.0,19.643869899656007,0.2946855927593252,0.574813821696088
86,Zero-filled,,,,18.941470608844924,0.29520152745031314,0.5636333431844509
87,ISRSL0_wiener,0.077,0.3,5.0,28.018925286688106,0.34154869466602544,0.7142865952833571
87,ISRSL0_BM3D,0.077,0.3,5.0,27.115864513625887,0.32851203146016084,0.7165974026180322
87,SL0,0.077,0.3,5.0,18.139953791520213,0.3442826076857127,0.5621573094194252
87,Zero-filled,,,,17.06283768758801,0.34524118166583895,0.5445460231735819
88,ISRSL0_wiener,0.077,0.3,5.0,24.24273116108254,0.18792143790081203,0.7298370109131384
88,ISRSL0_BM3D,0.077,0.3,5.0,25.356402149413597,0.17441051986864328,0.7598831562192424
88,SL0,0.077,0.3,5.0,22.350320422200713,0.18462396994077473,0.6465886957130266
88,Zero-filled,,,,22.175068492999188,0.18473065344814185,0.6442313740627054
89,ISRSL0_wiener,0.077,0.3,5.0,28.963421478152473,0.3622293338848445,0.6922769341040554
89,ISRSL0_BM3D,0.077,0.3,5.0,28.200934685532673,0.34554003810750206,0.694273814717872
89,SL0,0.077,0.3,5.0,26.615098155176224,0.3525526102527374,0.6265542380434853
89,Zero-filled,,,,25.42775587069476,0.3526923788113557,0.6204446064792888
90,ISRSL0_wiener,0.077,0.3,5.0,22.766839585495624,0.3311059747790551,0.6730653624108072
90,ISRSL0_BM3D,0.077,0.3,5.0,19.659837092972815,0.31126388388670734,0.6329138205734947
90,SL0,0.077,0.3,5.0,18.995524687557996,0.32776646770871903,0.542310721227653
90,Zero-filled,,,,18.732612538737907,0.327988065058512,0.5391850400477393
91,ISRSL0_wiener,0.077,0.3,5.0,24.632726232458072,0.281954185562811,0.7206841499345792
91,ISRSL0_BM3D,0.077,0.3,5.0,25.294023635752474,0.2638301603933029,0.7173355487144308
91,SL0,0.077,0.3,5.0,24.578347105687598,0.27782565734829084,0.623567348345404
91,Zero-filled,,,,24.34252589171563,0.27789184297296143,0.6218447427028642
92,ISRSL0_wiener,0.077,0.3,5.0,27.80122772155881,0.30109932593756256,0.7635454979136197
92,ISRSL0_BM3D,0.077,0.3,5.0,26.118617135929888,0.289117642080046,0.7231151369985097
92,SL0,0.077,0.3,5.0,24.10003429258248,0.3071124131133889,0.6096653547546176
92,Zero-filled,,,,23.60491592749866,0.3072637648427832,0.6033892244768017
93,ISRSL0_wiener,0.077,0.3,5.0,23.362172839558404,0.32509522313346545,0.6693257933149053
93,ISRSL0_BM3D,0.077,0.3,5.0,22.522752019488948,0.3048242327370958,0.6443974650640909
93,SL0,0.077,0.3,5.0,22.790765829831482,0.3167023427835265,0.5752189716002005
93,Zero-filled,,,,22.346909251917353,0.3168228328944188,0.5722871977947088
94,ISRSL0_wiener,0.077,0.3,5.0,25.61525649810424,0.3407539954727718,0.6953266126549223
94,ISRSL0_BM3D,0.077,0.3,5.0,23.8410771316665,0.3238943931120705,0.6446757167223516
94,SL0,0.077,0.3,5.0,23.09512715909743,0.3410005542256347,0.5647696651220382
94,Zero-filled,,,,22.60164704912855,0.34110456845871157,0.5614147371937459
95,ISRSL0_wiener,0.077,0.3,5.0,22.78943629147023,0.2992919069632754,0.7317508213377333
95,ISRSL0_BM3D,0.077,0.3,5.0,20.688820889109472,0.28139252963853706,0.7077449889310538
95,SL0,0.077,0.3,5.0,20.54266125883877,0.2947754250730223,0.6230260987883941
95,Zero-filled,,,,19.911053427376228,0.29503095836545873,0.6152289748897576
96,ISRSL0_wiener,0.077,0.3,5.0,27.166283867042434,0.2626013810784316,0.7412706327274728
96,ISRSL0_BM3D,0.077,0.3,5.0,21.771385399808665,0.24934747440102858,0.6946836454701382
96,SL0,0.077,0.3,5.0,20.35146863188575,0.258813379650429,0.6023299411249146
96,Zero-filled,,,,19.95269796717688,0.25905919801396277,0.5966325984695623
97,ISRSL0_wiener,0.077,0.3,5.0,24.347290380880466,0.40080711723071005,0.6627424121834217
97,ISRSL0_BM3D,0.077,0.3,5.0,24.183239442374006,0.3798716235988271,0.6381085833023804
97,SL0,0.077,0.3,5.0,22.88411640037261,0.4010938158575783,0.5220644809407416
97,Zero-filled,,,,22.763930328756743,0.4011464915299447,0.5203600933596172
98,ISRSL0_wiener,0.077,0.3,5.0,30.603304861188057,0.2668679698421911,0.7671110181553796
98,ISRSL0_BM3D,0.077,0.3,5.0,29.84113940742576,0.25295332808884746,0.7818575571981875
98,SL0,0.077,0.3,5.0,26.8243703420789,0.26773272111228946,0.6749457770400379
98,Zero-filled,,,,26.17486073840011,0.26784094879123826,0.6698313014190613
99,ISRSL0_wiener,0.077,0.3,5.0,23.765166450350492,0.22749128972411958,0.7753582128717242
99,ISRSL0_BM3D,0.077,0.3,5.0,25.379391763848318,0.20957919285139812,0.7960234395884832
99,SL0,0.077,0.3,5.0,18.793909018854503,0.2256997795469981,0.5866000765425742
99,Zero-filled,,,,18.18877718188966,0.22652171826682205,0.5705992750175645
100,ISRSL0_wiener,0.077,0.3,5.0,26.68222032458125,0.30678240245536953,0.7376731343691911
100,ISRSL0_BM3D,0.077,0.3,5.0,25.04786639403116,0.2902777598384234,0.7194645274341792
100,SL0,0.077,0.3,5.0,22.86868010957479,0.30626563194786083,0.616777969988497
100,Zero-filled,,,,21.743840378611054,0.30655259936024987,0.6071663411432474
101,ISRSL0_wiener,0.077,0.3,5.0,25.079120831857825,0.2188629121263486,0.740394015978303
101,ISRSL0_BM3D,0.077,0.3,5.0,24.46659815191698,0.20139673608148637,0.7408380319302682
101,SL0,0.077,0.3,5.0,24.466886231103334,0.21147599281638776,0.6616695580497518
101,Zero-filled,,,,24.15066818786299,0.21157583480690056,0.6594888271163967
102,ISRSL0_wiener,0.077,0.3,5.0,23.173881886252733,0.39605064484826186,0.6628477417276054
102,ISRSL0_BM3D,0.077,0.3,5.0,20.42537334597344,0.3793293002812324,0.6454161694262555
102,SL0,0.077,0.3,5.0,15.44269491572286,0.3815682869687014,0.5364582369894999
102,Zero-filled,,,,14.126802668120515,0.38342970772847035,0.5119294062789502
103,ISRSL0_wiener,0.077,0.3,5.0,23.675636422110244,0.27765377181628303,0.6811367502155585
103,ISRSL0_BM3D,0.077,0.3,5.0,23.88352520462508,0.2579911899977527,0.6880702540247744
103,SL0,0.077,0.3,5.0,24.191649774720783,0.26737367411578294,0.627963433800418
103,Zero-filled,,,,24.048082556279322,0.2674082327224967,0.627377773875283
104,ISRSL0_wiener,0.077,0.3,5.0,26.07623986790451,0.299761494002278,0.7170828505941856
104,ISRSL0_BM3D,0.077,0.3,5.0,25.657818061681013,0.27988337516309447,0.6869416851912407
104,SL0,0.077,0.3,5.0,24.589941741591446,0.2956107786926535,0.6019445537046773
104,Zero-filled,,,,24.500514493048385,0.29565085319204043,0.5995055502501822
105,ISRSL0_wiener,0.077,0.3,5.0,25.536815725435922,0.2850799548432181,0.7091230336565782
105,ISRSL0_BM3D,0.077,0.3,5.0,25.398455852011345,0.2720751281323712,0.7165924322501962
105,SL0,0.077,0.3,5.0,24.976727001267804,0.2823523012897749,0.6226325788112643
105,Zero-filled,,,,24.82250945242191,0.28240732410683206,0.6212548762494574
106,ISRSL0_wiener,0.077,0.3,5.0,28.223544535744807,0.24114686533526508,0.7487974958622692
106,ISRSL0_BM3D,0.077,0.3,5.0,28.170269756817635,0.2306736747992285,0.7646066338651165
106,SL0,0.077,0.3,5.0,25.785357351104757,0.24048743756035185,0.6762359200406727
106,Zero-filled,,,,25.62449393511002,0.24053413668694096,0.6750367084076703
107,ISRSL0_wiener,0.077,0.3,5.0,30.94251925136509,0.3393495623147036,0.725296723834579
107,ISRSL0_BM3D,0.077,0.3,5.0,31.781091763007293,0.3267736383929343,0.7366862833195024
107,SL0,0.077,0.3,5.0,28.92793783545699,0.33701907604462294,0.6633332870350865
107,Zero-filled,,,,28.089733829610854,0.33707776898587083,0.659336422274842
108,ISRSL0_wiener,0.077,0.3,5.0,29.002947491361425,0.2880461507860568,0.7551466750086332
108,ISRSL0_BM3D,0.077,0.3,5.0,28.61124781827712,0.2689568407065364,0.7558526307132473
108,SL0,0.077,0.3,5.0,25.180728379061673,0.2869236924146945,0.6469113763963226
108,Zero-filled,,,,24.23412051825737,0.2870930703862155,0.639759705867185
109,ISRSL0_wiener,0.077,0.3,5.0,22.44475691628012,0.28806648537964874,0.7099011637800867
109,ISRSL0_BM3D,0.077,0.3,5.0,23.47395672855841,0.2668546596078587,0.6982372298226814
109,SL0,0.077,0.3,5.0,23.205912865973698,0.2852517754205687,0.6054683076325291
109,Zero-filled,,,,22.909164859021608,0.2853193853284724,0.603601069465211
110,ISRSL0_wiener,0.077,0.3,5.0,26.850642805326466,0.1726519874080938,0.8053253077798272
110,ISRSL0_BM3D,0.077,0.3,5.0,26.588723793078493,0.1593766470471828,0.8174093898003828
110,SL0,0.077,0.3,5.0,26.534543129709945,0.16828331767437438,0.7363937329878775
110,Zero-filled,,,,26.21119676418364,0.16838060304675892,0.7344610282628891
111,ISRSL0_wiener,0.077,0.3,5.0,24.637892982758984,0.3404787449820671,0.6793762610927143
111,ISRSL0_BM3D,0.077,0.3,5.0,24.53678768386792,0.3215850700416168,0.6691766298913485
111,SL0,0.077,0.3,5.0,23.7112158400189,0.33759885475499185,0.5709336140685042
111,Zero-filled,,,,23.61219120426849,0.33766827301338664,0.5692347310945266
112,ISRSL0_wiener,0.077,0.3,5.0,26.872480523512085,0.19708325883946454,0.8066502554112157
112,ISRSL0_BM3D,0.077,0.3,5.0,26.3378265878994,0.18230403028601472,0.8024728969233372
112,SL0,0.077,0.3,5.0,18.271668788657237,0.19972535670308178,0.5785832560503271
112,Zero-filled,,,,17.80735334189072,0.20025438270382304,0.5672081444696981
113,ISRSL0_wiener,0.077,0.3,5.0,24.962303233001037,0.3901345788645582,0.6744651287092418
113,ISRSL0_BM3D,0.077,0.3,5.0,22.37116412266718,0.37713300054911525,0.6392948663188333
113,SL0,0.077,0.3,5.0,19.321471657469562,0.3825056909853456,0.5582079602065836
113,Zero-filled,,,,18.117281833567688,0.3832960117323686,0.5439128071728557
114,ISRSL0_wiener,0.077,0.3,5.0,26.090481317794122,0.3056524041967785,0.7000226690347735
114,ISRSL0_BM3D,0.077,0.3,5.0,24.01747576606271,0.28625093288637987,0.6872112978876105
114,SL0,0.077,0.3,5.0,23.140254475501965,0.2950947467359785,0.6086050880009787
114,Zero-filled,,,,22.683828398015592,0.29523594783645457,0.6046617726056329
115,ISRSL0_wiener,0.077,0.3,5.0,25.9597162932402,0.2663062831074127,0.7313239755129435
115,ISRSL0_BM3D,0.077,0.3,5.0,25.734762630145326,0.25548945358424985,0.7225011159255351
115,SL0,0.077,0.3,5.0,24.66467479705143,0.2706014310703942,0.6336320986034895
115,Zero-filled,,,,24.538305914672833,0.2706508563945858,0.6323326415031312
116,ISRSL0_wiener,0.077,0.3,5.0,27.29990238412737,0.18157473134938867,0.7783355373681848
116,ISRSL0_BM3D,0.077,0.3,5.0,22.94986025207794,0.17141746480315237,0.7434998911887597
116,SL0,0.077,0.3,5.0,22.87071079210321,0.18510021547850217,0.6690900605853051
116,Zero-filled,,,,22.744702157031085,0.1851519181822856,0.6679736318756253
117,ISRSL0_wiener,0.077,0.3,5.0,28.275415014789633,0.2930810068600033,0.7547381512054556
117,ISRSL0_BM3D,0.077,0.3,5.0,25.597317210102485,0.27766017291305845,0.7468874690654645
117,SL0,0.077,0.3,5.0,25.02566055995876,0.2945173508497338,0.6517635323110715
117,Zero-filled,,,,24.027941938528677,0.2946990283515654,0.6449617845746415
118,ISRSL0_wiener,0.077,0.3,5.0,24.77546836242435,0.3243234640125902,0.6714489148024351
118,ISRSL0_BM3D,0.077,0.3,5.0,23.519223481733466,0.3090650662727253,0.6762755545785651
118,SL0,0.077,0.3,5.0,23.52884938767548,0.31541348193885627,0.5897743263122665
118,Zero-filled,,,,23.32257519192234,0.31549336784016035,0.5881519865585016
119,ISRSL0_wiener,0.077,0.3,5.0,27.12602706416222,0.27440950082332277,0.7485817063295996
119,ISRSL0_BM3D,0.077,0.3,5.0,22.667569312486716,0.25776857370770917,0.7080257667563882
119,SL0,0.077,0.3,5.0,21.527998720956415,0.27313149788870983,0.5995683039611608
119,Zero-filled,,,,20.9325477763119,0.2734811669465636,0.5912280510910443
120,ISRSL0_wiener,0.077,0.3,5.0,27.003561915190165,0.32898434369652463,0.7216596402901982
120,ISRSL0_BM3D,0.077,0.3,5.0,24.548188232644,0.3119548655278462,0.7015101412993675
120,SL0,0.077,0.3,5.0,22.104920724707206,0.33021578790598377,0.5964458678968034
120,Zero-filled,,,,21.011770715428945,0.33057656050588397,0.5863194499124003
121,ISRSL0_wiener,0.077,0.3,5.0,27.85875639584353,0.18495137371506182,0.7719915664509001
121,ISRSL0_BM3D,0.077,0.3,5.0,27.906779126376232,0.1758109590057106,0.7979749058244133
121,SL0,0.077,0.3,5.0,27.294520927577743,0.18457771768273756,0.7168317329065987
121,Zero-filled,,,,27.20841707074159,0.18460221155972162,0.7161883680112572
122,ISRSL0_wiener,0.077,0.3,5.0,30.38052999142569,0.25177211064095056,0.7811756257141742
122,ISRSL0_BM3D,0.077,0.3,5.0,29.649894437420347,0.24002064303038181,0.7746020780337202
122,SL0,0.077,0.3,5.0,27.320292940793983,0.2536616183055818,0.67921392251167
122,Zero-filled,,,,27.43534397036651,0.25366538613237055,0.6770473485091778
123,ISRSL0_wiener,0.077,0.3,5.0,29.936697017318664,0.27171171733374294,0.7509450725752275
123,ISRSL0_BM3D,0.077,0.3,5.0,29.951154649305877,0.25715742714702655,0.7615239613205577
123,SL0,0.077,0.3,5.0,27.609467326324506,0.2745462479655431,0.6579655358166762
123,Zero-filled,,,,27.34039411284354,0.2745824551798054,0.6547601798561299
124,ISRSL0_wiener,0.077,0.3,5.0,27.26254721875433,0.2566607422787218,0.7499839895638388
124,ISRSL0_BM3D,0.077,0.3,5.0,27.433977764543215,0.24370988992791853,0.7489365546789086
124,SL0,0.077,0.3,5.0,26.07087309541754,0.2569804018392489,0.6400594901778778
124,Zero-filled,,,,26.058368286565123,0.2570007776095488,0.639166320902133
125,ISRSL0_wiener,0.077,0.3,5.0,30.34558738212978,0.31859127600539383,0.7338553720456127
125,ISRSL0_BM3D,0.077,0.3,5.0,29.3417621500054,0.30497354803343624,0.7330084563766863
125,SL0,0.077,0.3,5.0,26.318012079417553,0.3178992981155283,0.635459265714552
125,Zero-filled,,,,25.423501564048916,0.3180373136279136,0.6292490469651301
126,ISRSL0_wiener,0.077,0.3,5.0,25.834001903988927,0.2503797713456834,0.7279154782721693
126,ISRSL0_BM3D,0.077,0.3,5.0,28.0729749394326,0.23745036398126237,0.7564405531380628
126,SL0,0.077,0.3,5.0,26.961698270883918,0.246947074858417,0.6913664558633587
126,Zero-filled,,,,26.993855122304584,0.24695017423170876,0.6912733215129965
127,ISRSL0_wiener,0.077,0.3,5.0,23.893165657350117,0.37897843859491925,0.677147824890808
127,ISRSL0_BM3D,0.077,0.3,5.0,25.90685949237868,0.3597001012719487,0.6806781934301757
127,SL0,0.077,0.3,5.0,20.06492948093822,0.3638895290478806,0.6024679680027892
127,Zero-filled,,,,18.6972019526759,0.36448986257214117,0.5895335098121429
128,ISRSL0_wiener,0.077,0.3,5.0,26.483311118827146,0.17465229466816581,0.772111358038213
128,ISRSL0_BM3D,0.077,0.3,5.0,25.494734303083053,0.1645172370187798,0.776801242359811
128,SL0,0.077,0.3,5.0,24.157491675722408,0.17237005051432908,0.6850781310847329
128,Zero-filled,,,,23.979670727716762,0.17243756944431385,0.6831601607592015
129,ISRSL0_wiener,0.077,0.3,5.0,24.198616297815953,0.35011842906366525,0.7112322576422113
129,ISRSL0_BM3D,0.077,0.3,5.0,25.136117778078066,0.3301876174830429,0.7150744291291463
129,SL0,0.077,0.3,5.0,21.233457640020333,0.34125163889426446,0.6185559954480981
129,Zero-filled,,,,20.01399035597979,0.3418069647113821,0.6053663970448784
130,ISRSL0_wiener,0.077,0.3,5.0,28.61710236365497,0.2360889872889512,0.7493657759099165
130,ISRSL0_BM3D,0.077,0.3,5.0,28.12620862253592,0.21893084507004845,0.7591493331843467
130,SL0,0.077,0.3,5.0,26.13569263984737,0.22747209315216793,0.677983424226435
130,Zero-filled,,,,26.007458953644672,0.22749144696943074,0.6774176951250752
131,ISRSL0_wiener,0.077,0.3,5.0,23.367634258710346,0.3351815936564001,0.698609968675703
131,ISRSL0_BM3D,0.077,0.3,5.0,22.226269639836218,0.31182557720079684,0.6991071573097911
131,SL0,0.077,0.3,5.0,16.732663361666408,0.3278967438661572,0.5457715707389883
131,Zero-filled,,,,15.830576226068214,0.32915842307891446,0.5282213564651671
132,ISRSL0_wiener,0.077,0.3,5.0,27.97120180689182,0.34601825480166915,0.7113627853455216
132,ISRSL0_BM3D,0.077,0.3,5.0,25.419503341302246,0.3300315892350899,0.6768152219461061
132,SL0,0.077,0.3,5.0,23.23846317239889,0.346955006282245,0.5796503504193582
132,Zero-filled,,,,22.20577580800856,0.3472638358514145,0.5695594118774084
133,ISRSL0_wiener,0.077,0.3,5.0,23.28345583914934,0.3338453530131858,0.6664756882481317
133,ISRSL0_BM3D,0.077,0.3,5.0,20.556407704992353,0.31157750413454993,0.6056495676059149
133,SL0,0.077,0.3,5.0,18.62489713609318,0.33541942717425377,0.50988075720436
133,Zero-filled,,,,18.334747251628166,0.3357533796831644,0.5055048176013988
134,ISRSL0_wiener,0.077,0.3,5.0,27.989170391177232,0.30805571431682,0.7480122584054819
134,ISRSL0_BM3D,0.077,0.3,5.0,28.100525877944,0.2956640986592345,0.7526821777426574
134,SL0,0.077,0.3,5.0,26.621583395261194,0.3033105072127286,0.6347326995074721
134,Zero-filled,,,,26.544865615717647,0.30332280103020515,0.6337902109799421
135,ISRSL0_wiener,0.077,0.3,5.0,25.742116709444367,0.34634155963404717,0.7071254018593738
135,ISRSL0_BM3D,0.077,0.3,5.0,25.707014002539907,0.3226555840837171,0.6811579185487975
135,SL0,0.077,0.3,5.0,24.69557015838899,0.34430354899218885,0.5853226987790762
135,Zero-filled,,,,24.547398145016874,0.3443475953498496,0.5828594863486946
136,ISRSL0_wiener,0.077,0.3,5.0,26.602673620835073,0.32853433539057825,0.7032231104570866
136,ISRSL0_BM3D,0.077,0.3,5.0,25.13286410099741,0.3088740732755812,0.6932840628115728
136,SL0,0.077,0.3,5.0,21.759037697735735,0.3244028715257101,0.5849925085777679
136,Zero-filled,,,,21.000314491960932,0.32468677733327983,0.5780253498092135
137,ISRSL0_wiener,0.077,0.3,5.0,22.28170519968281,0.34035649092722386,0.6909441726762454
137,ISRSL0_BM3D,0.077,0.3,5.0,21.399770131551335,0.32428225012145095,0.6536962913123544
137,SL0,0.077,0.3,5.0,21.560021463937634,0.3369271685135287,0.5601276319478347
137,Zero-filled,,,,21.296338237630078,0.33701667091966453,0.5581345542134536
138,ISRSL0_wiener,0.077,0.3,5.0,29.89615135172905,0.2857190557549379,0.7726463264413269
138,ISRSL0_BM3D,0.077,0.3,5.0,28.951555275079016,0.26974132488653896,0.7565003246403715
138,SL0,0.077,0.3,5.0,24.551028807552328,0.29098051870070446,0.6232115861353889
138,Zero-filled,,,,23.683769082813605,0.29116674764915,0.6153632471742408
139,ISRSL0_wiener,0.077,0.3,5.0,21.275232003071473,0.26016051341490853,0.7361554253401826
139,ISRSL0_BM3D,0.077,0.3,5.0,20.659976256870927,0.2342882514768954,0.7245002796101244
139,SL0,0.077,0.3,5.0,17.83857964088105,0.252523057659496,0.5816406373735025
139,Zero-filled,,,,17.36934289660654,0.25319684262689174,0.5713722829788128
140,ISRSL0_wiener,0.077,0.3,5.0,27.1488264257759,0.19581733527472608,0.7713840241676646
140,ISRSL0_BM3D,0.077,0.3,5.0,26.15834938972352,0.18574758698910848,0.766741432801615
140,SL0,0.077,0.3,5.0,25.247567200043825,0.19803340065558708,0.6981472257543274
140,Zero-filled,,,,25.06051817431728,0.19808941264229515,0.6970507483841291
141,ISRSL0_wiener,0.077,0.3,5.0,26.879241045941306,0.3165024257163991,0.7025718938632499
141,ISRSL0_BM3D,0.077,0.3,5.0,25.701836721660975,0.3022821017137185,0.6982605580658958
141,SL0,0.077,0.3,5.0,25.32833185700014,0.3133025639189196,0.6196064969610737
141,Zero-filled,,,,25.077628477082598,0.3133569950027717,0.6181329422776776
142,ISRSL0_wiener,0.077,0.3,5.0,22.506847805862726,0.27358017349784314,0.7193850013882261
142,ISRSL0_BM3D,0.077,0.3,5.0,21.658770024895922,0.2524529389514543,0.6783888146394844
142,SL0,0.077,0.3,5.0,22.200970958938395,0.2691836560987629,0.6049040917979277
142,Zero-filled,,,,21.576876140907352,0.26946440952961037,0.5978303377914266
143,ISRSL0_wiener,0.077,0.3,5.0,28.37758126467108,0.4038388864812374,0.6679734166838008
143,ISRSL0_BM3D,0.077,0.3,5.0,25.10685643714902,0.39023649521154574,0.6334394696096921
143,SL0,0.077,0.3,5.0,21.407560164702943,0.39979772193906793,0.5545832754934861
143,Zero-filled,,,,20.05211019653373,0.4003225132584689,0.5426541278716441
144,ISRSL0_wiener,0.077,0.3,5.0,29.215643964143943,0.1712691580912664,0.8259481344377971
144,ISRSL0_BM3D,0.077,0.3,5.0,29.422769240183776,0.1610179004195831,0.8337015244036796
144,SL0,0.077,0.3,5.0,28.33828165213162,0.16696387142129793,0.7508239194819544
144,Zero-filled,,,,28.177139548005194,0.1669994874401483,0.7498527963709358
145,ISRSL0_wiener,0.077,0.3,5.0,27.79334489274013,0.22294895862238298,0.8134320162044674
145,ISRSL0_BM3D,0.077,0.3,5.0,27.105661371371585,0.20831622943246358,0.7956069325063789
145,SL0,0.077,0.3,5.0,22.07952845464972,0.2274967515075551,0.6402967830308071
145,Zero-filled,,,,21.30023404912533,0.22787317302065144,0.628479843496072
146,ISRSL0_wiener,0.077,0.3,5.0,22.450601622223864,0.3560047297069335,0.6728279881249891
146,ISRSL0_BM3D,0.077,0.3,5.0,21.52111628664808,0.3410819316840918,0.6493983838387345
146,SL0,0.077,0.3,5.0,20.56307995068101,0.3526983334672458,0.5453015866969537
146,Zero-filled,,,,20.224831565958464,0.35284094082595335,0.5426719083875351
147,ISRSL0_wiener,0.077,0.3,5.0,26.904134024674033,0.237353953044459,0.742264367840126
147,ISRSL0_BM3D,0.077,0.3,5.0,27.301550008506936,0.2210944143647245,0.7661204021483254
147,SL0,0.077,0.3,5.0,26.859235091485644,0.2316050443606388,0.6875624178518617
147,Zero-filled,,,,26.76718679995375,0.2316273058022775,0.6870206592497083
148,ISRSL0_wiener,0.077,0.3,5.0,25.77786752755477,0.3043887866369351,0.7117078842460988
148,ISRSL0_BM3D,0.077,0.3,5.0,23.682995062003496,0.28338846313663824,0.723762317331837
148,SL0,0.077,0.3,5.0,22.671628210510878,0.2961290819947772,0.6298592510048241
148,Zero-filled,,,,22.171354761985086,0.2962393085484097,0.6270661166315007
149,ISRSL0_wiener,0.077,0.3,5.0,23.517216317617986,0.3303807418492488,0.7072478939132484
149,ISRSL0_BM3D,0.077,0.3,5.0,19.827689208337507,0.3153966347781238,0.6535491172399411
149,SL0,0.077,0.3,5.0,18.343302415086413,0.32182154842650484,0.5532325737851476
149,Zero-filled,,,,17.390384349691498,0.32279052218455273,0.5361784637823324
150,ISRSL0_wiener,0.077,0.3,5.0,30.796063729683706,0.3586677144038814,0.6937618484602182
150,ISRSL0_BM3D,0.077,0.3,5.0,31.30044052028552,0.3449512339280883,0.7158436511256667
150,SL0,0.077,0.3,5.0,17.66237374122059,0.35250797411137585,0.5786611932618748
150,Zero-filled,,,,16.45008176857154,0.3535045583381504,0.5605682495846261
151,ISRSL0_wiener,0.077,0.3,5.0,28.875565066139774,0.33153069695447857,0.7030252237863529
151,ISRSL0_BM3D,0.077,0.3,5.0,25.442213418170127,0.31758729454865237,0.6777769889607563
151,SL0,0.077,0.3,5.0,24.795400044758402,0.3252362463740388,0.6117478973179864
151,Zero-filled,,,,23.80118183867427,0.3254410548548869,0.6047390912125518
152,ISRSL0_wiener,0.077,0.3,5.0,31.34228543581393,0.22540565631007092,0.8051296389159047
152,ISRSL0_BM3D,0.077,0.3,5.0,30.224298145606603,0.21298143058208452,0.8034147682269629
152,SL0,0.077,0.3,5.0,22.195077199510184,0.23041497888875287,0.6312030304338123
152,Zero-filled,,,,21.637271372601916,0.23069308191235963,0.6228153871381213
153,ISRSL0_wiener,0.077,0.3,5.0,26.749118151408634,0.2789378420391962,0.7271163366216005
153,ISRSL0_BM3D,0.077,0.3,5.0,27.109556601720186,0.2618641426607842,0.7283512374371675
153,SL0,0.077,0.3,5.0,26.081056152508452,0.27296839980098947,0.6468875610524218
153,Zero-filled,,,,25.941631453262808,0.27302628439627546,0.6454461279388746
154,ISRSL0_wiener,0.077,0.3,5.0,31.440837681453413,0.20447919006471962,0.8095780169017139
154,ISRSL0_BM3D,0.077,0.3,5.0,29.5045091759648,0.19559288051207485,0.7923692626160291
154,SL0,0.077,0.3,5.0,26.859097496629126,0.21055047942274502,0.6766452574040298
154,Zero-filled,,,,26.45143860776734,0.21065438207613776,0.6717185845788076
155,ISRSL0_wiener,0.077,0.3,5.0,27.160137048961587,0.29552976766354766,0.7422209478662414
155,ISRSL0_BM3D,0.077,0.3,5.0,24.744564122738883,0.27964406997354324,0.678856086167198
155,SL0,0.077,0.3,5.0,22.05279822581534,0.2974855185912017,0.5563529193043595
155,Zero-filled,,,,21.360168255121255,0.2978198579092254,0.5469412707886947
156,ISRSL0_wiener,0.077,0.3,5.0,27.934539189433597,0.2779669322100258,0.76374214217586
156,ISRSL0_BM3D,0.077,0.3,5.0,26.32329456097724,0.26003688539683684,0.7169758869887501
156,SL0,0.077,0.3,5.0,26.127935862244787,0.27950560097850946,0.623152511312969
156,Zero-filled,,,,25.877416418055923,0.2795504927496902,0.6197794448345114
157,ISRSL0_wiener,0.077,0.3,5.0,28.70866375205892,0.2314332251999202,0.7690996549200682
157,ISRSL0_BM3D,0.077,0.3,5.0,27.21692651156326,0.2178372035667638,0.7699762760339087
157,SL0,0.077,0.3,5.0,26.504103200817198,0.23260284120207442,0.6875486599418379
157,Zero-filled,,,,26.400126740876544,0.2326360686148031,0.6867319238197992
158,ISRSL0_wiener,0.077,0.3,5.0,26.965525095106322,0.36572355719270644,0.6932919306507163
158,ISRSL0_BM3D,0.077,0.3,5.0,26.956856445598607,0.347314051405649,0.7011497403343644
158,SL0,0.077,0.3,5.0,25.21337649513856,0.357528458385065,0.6144192057440901
158,Zero-filled,,,,24.462713144104523,0.3576568828377466,0.6097291879265809
159,ISRSL0_wiener,0.077,0.3,5.0,26.308723138880072,0.23139641070389905,0.7461709960374477
159,ISRSL0_BM3D,0.077,0.3,5.0,26.608513353991338,0.21496692851368965,0.7622984054658752
159,SL0,0.077,0.3,5.0,25.673669351579758,0.2274344770997861,0.6727625957801142
159,Zero-filled,,,,25.534658822292997,0.22748556727282437,0.6716310878486635
160,ISRSL0_wiener,0.077,0.3,5.0,24.88818390998448,0.31894801218698987,0.7120824522888162
160,ISRSL0_BM3D,0.077,0.3,5.0,22.126284306319015,0.29699170873386377,0.692047107959468
160,SL0,0.077,0.3,5.0,18.836210194676354,0.3140703775230178,0.5693863214397368
160,Zero-filled,,,,18.281184880480765,0.3144858436284457,0.5613769097938698
161,ISRSL0_wiener,0.077,0.3,5.0,29.80171759537457,0.29775455503829246,0.7315635940708707
161,ISRSL0_BM3D,0.077,0.3,5.0,27.4131515499627,0.28084070733034044,0.7231368367339849
161,SL0,0.077,0.3,5.0,23.67402048562394,0.29504057164068986,0.6192972775352185
161,Zero-filled,,,,23.141418984094596,0.2951884709908965,0.6148589158146861
162,ISRSL0_wiener,0.077,0.3,5.0,27.558416243424624,0.3283153904319661,0.7105415775686359
162,ISRSL0_BM3D,0.077,0.3,5.0,25.812346075261768,0.3086446035711008,0.7102222277756352
162,SL0,0.077,0.3,5.0,19.840053035229165,0.32107940950520714,0.5812119794356929
162,Zero-filled,,,,19.026777672075767,0.3216514262739209,0.5706806409256209
163,ISRSL0_wiener,0.077,0.3,5.0,26.04201985754425,0.30836876305652006,0.7472441764069802
163,ISRSL0_BM3D,0.077,0.3,5.0,23.145606474324694,0.2921251589694794,0.7022098923042862
163,SL0,0.077,0.3,5.0,21.85747901519425,0.3113243559533569,0.5932125587747579
163,Zero-filled,,,,20.892002120847337,0.31168202957838853,0.5828461796744929
164,ISRSL0_wiener,0.077,0.3,5.0,28.489521818367614,0.2659682580094465,0.7391205656334875
164,ISRSL0_BM3D,0.077,0.3,5.0,27.22668985277638,0.24911672949105332,0.7400139918772816
164,SL0,0.077,0.3,5.0,26.197208169100456,0.2582630368865786,0.6544787236218901
164,Zero-filled,,,,25.911103146139247,0.2583122136572274,0.6527154843632175
165,ISRSL0_wiener,0.077,0.3,5.0,26.156328516386633,0.3000264309455809,0.7270690045848824
165,ISRSL0_BM3D,0.077,0.3,5.0,25.85635845378814,0.28167451695031953,0.7219384816939958
165,SL0,0.077,0.3,5.0,25.45060453556934,0.2939481171117167,0.6334513902337418
165,Zero-filled,,,,25.091250913373557,0.29399733979598563,0.6311712668330293
166,ISRSL0_wiener,0.077,0.3,5.0,29.575034746088903,0.2554698217212633,0.7969679100606893
166,ISRSL0_BM3D,0.077,0.3,5.0,27.38789020765614,0.24202428423196026,0.804663026163284
166,SL0,0.077,0.3,5.0,20.48685514489396,0.25375034192182744,0.6580800720314534
166,Zero-filled,,,,19.73923822403004,0.25428884348181335,0.6445556166032236
167,ISRSL0_wiener,0.077,0.3,5.0,24.747436624665653,0.3755049872572442,0.6651503058408791
167,ISRSL0_BM3D,0.077,0.3,5.0,22.394028951751096,0.3616075776668925,0.6161584472140005
167,SL0,0.077,0.3,5.0,22.05259091822661,0.37776951650217616,0.5396834543526474
167,Zero-filled,,,,21.679240316840882,0.3779055069691206,0.5367308652314553
168,ISRSL0_wiener,0.077,0.3,5.0,21.42768593516225,0.3837690517674669,0.6607582073811014
168,ISRSL0_BM3D,0.077,0.3,5.0,20.49761596228762,0.3645209894864783,0.6472396087316266
168,SL0,0.077,0.3,5.0,16.263721202070638,0.37167910446693964,0.5394779521797032
168,Zero-filled,,,,15.07034509334382,0.37302881104010704,0.5194802945315478
169,ISRSL0_wiener,0.077,0.3,5.0,29.19540940696963,0.23047786098202175,0.8067062024574652
169,ISRSL0_BM3D,0.077,0.3,5.0,27.902825215484192,0.21948638385744906,0.7953737766200171
169,SL0,0.077,0.3,5.0,21.746105293565734,0.2352419991801273,0.6184302143751508
169,Zero-filled,,,,21.220473371701786,0.2355915056217261,0.6084569793435816
170,ISRSL0_wiener,0.077,0.3,5.0,26.26382852962947,0.3567519984518352,0.698897752552213
170,ISRSL0_BM3D,0.077,0.3,5.0,26.1994525369846,0.33894903253577613,0.7039203759993696
170,SL0,0.077,0.3,5.0,24.545615545131845,0.3545092849620595,0.6068213081777494
170,Zero-filled,,,,23.762918880528233,0.3546777271801676,0.6015767782508205
171,ISRSL0_wiener,0.077,0.3,5.0,27.880389523196868,0.19896756522586864,0.7685560242661185
171,ISRSL0_BM3D,0.077,0.3,5.0,28.036955004036976,0.1878426682389591,0.7717003516021506
171,SL0,0.077,0.3,5.0,26.790307414962026,0.1981863489734246,0.6771065011913582
171,Zero-filled,,,,26.705793393957254,0.1982335450802743,0.6758153042718293
172,ISRSL0_wiener,0.077,0.3,5.0,25.850695837303974,0.32567526928624757,0.6929312789935427
172,ISRSL0_BM3D,0.077,0.3,5.0,25.87370085371235,0.3084656662775157,0.6761816378967787
172,SL0,0.077,0.3,5.0,24.61014936480343,0.3220853070792595,0.6038073235549125
172,Zero-filled,,,,24.67391572395529,0.3221085273182433,0.6023673633314482
173,ISRSL0_wiener,0.077,0.3,5.0,29.023493549378294,0.2021020747748157,0.8148622781425277
173,ISRSL0_BM3D,0.077,0.3,5.0,27.5330984057122,0.19073971188974218,0.7982789071153085
173,SL0,0.077,0.3,5.0,24.535649349540023,0.20386802426442704,0.6636605521745859
173,Zero-filled,,,,23.96108133827103,0.20404405353966232,0.6557125233179771
174,ISRSL0_wiener,0.077,0.3,5.0,28.584932746058875,0.28183165492412837,0.7504543960955122
174,ISRSL0_BM3D,0.077,0.3,5.0,27.554014344717007,0.26360360604092775,0.739951482915542
174,SL0,0.077,0.3,5.0,24.637317105083234,0.28105529723537154,0.6306234631685468
174,Zero-filled,,,,23.97110496780364,0.2811877886457108,0.6254862786878893
175,ISRSL0_wiener,0.077,0.3,5.0,28.577438163478842,0.3154354602323486,0.7319765593860424
175,ISRSL0_BM3D,0.077,0.3,5.0,27.41115793591232,0.3004677762932604,0.7200099707342368
175,SL0,0.077,0.3,5.0,24.05672665053669,0.3150157688533716,0.6302145446531533
175,Zero-filled,,,,23.07233770299584,0.3152619500051646,0.6222683409421212
176,ISRSL0_wiener,0.077,0.3,5.0,25.32389184881857,0.2776235587864687,0.7539110962988289
176,ISRSL0_BM3D,0.077,0.3,5.0,23.175137329165175,0.26111650748010423,0.7349756998166467
176,SL0,0.077,0.3,5.0,20.190146781762376,0.27253643166928276,0.620415204078404
176,Zero-filled,,,,19.10335992105143,0.2729866842297628,0.606883252417181
177,ISRSL0_wiener,0.077,0.3,5.0,24.519355819713194,0.3195594249271705,0.706001145490289
177,ISRSL0_BM3D,0.077,0.3,5.0,22.225506753465428,0.3052522475473349,0.6733319586026913
177,SL0,0.077,0.3,5.0,22.022894461676884,0.32489890838322333,0.5647819036249742
177,Zero-filled,,,,21.812651192344074,0.3249803749523652,0.5630422016252512
178,ISRSL0_wiener,0.077,0.3,5.0,25.76064659427219,0.32919820208649425,0.7180447360810343
178,ISRSL0_BM3D,0.077,0.3,5.0,21.50242441409084,0.3096853336801758,0.6694466116592932
178,SL0,0.077,0.3,5.0,16.882620096036952,0.3314112686666964,0.5309051793856199
178,Zero-filled,,,,16.250770620061775,0.33208637884739445,0.5198574112228354
179,ISRSL0_wiener,0.077,0.3,5.0,24.45924885623432,0.26037149172805074,0.7054375048269191
179,ISRSL0_BM3D,0.077,0.3,5.0,25.081078980413125,0.24646476505658793,0.7136491115292306
179,SL0,0.077,0.3,5.0,24.337723970977414,0.25682532720637946,0.6329098472288596
179,Zero-filled,,,,24.12742488411279,0.25688326870449035,0.6315342363380787
180,ISRSL0_wiener,0.077,0.3,5.0,29.164334439332077,0.2298654466155856,0.7684737262393746
180,ISRSL0_BM3D,0.077,0.3,5.0,28.294240798130303,0.21556909011900233,0.758641081856976
180,SL0,0.077,0.3,5.0,27.058439587767687,0.2248542185901963,0.6792017920427061
180,Zero-filled,,,,26.83436360940382,0.22488996832000094,0.6775581137205968
181,ISRSL0_wiener,0.077,0.3,5.0,25.439779904067695,0.24939955269493283,0.7530841281871473
181,ISRSL0_BM3D,0.077,0.3,5.0,23.083036179891504,0.23496607967825173,0.7452594617395661
181,SL0,0.077,0.3,5.0,23.19859815949236,0.24338408320419133,0.6741742050460764
181,Zero-filled,,,,22.87497405989079,0.24348025356108335,0.6717605194018555
182,ISRSL0_wiener,0.077,0.3,5.0,26.658344875625325,0.3008423218973898,0.7152838643769805
182,ISRSL0_BM3D,0.077,0.3,5.0,24.094765106286275,0.28247953826896527,0.6801620136571095
182,SL0,0.077,0.3,5.0,23.210483520571856,0.2957867253161026,0.5906567944121979
182,Zero-filled,,,,22.716667740434836,0.2958989162826945,0.5869296779528741
183,ISRSL0_wiener,0.077,0.3,5.0,30.410240917695806,0.24322748761658636,0.7969788847757443
183,ISRSL0_BM3D,0.077,0.3,5.0,27.684907970768144,0.2300799952741783,0.7973420873013228
183,SL0,0.077,0.3,5.0,22.838081657046516,0.2510897735157267,0.6359720336480631
183,Zero-filled,,,,22.166661117193446,0.25136932781796667,0.6264178169603942
184,ISRSL0_wiener,0.077,0.3,5.0,25.659170947760458,0.30649909840476713,0.6844597755791985
184,ISRSL0_BM3D,0.077,0.3,5.0,25.814294144210066,0.2850926562325217,0.6840071722906149
184,SL0,0.077,0.3,5.0,24.724804245274385,0.29891902078139015,0.6132037036817874
184,Zero-filled,,,,24.728145646706018,0.2989538992370174,0.6125731856300048
185,ISRSL0_wiener,0.077,0.3,5.0,31.630346160787134,0.08861028231722957,0.9128295235332482
185,ISRSL0_BM3D,0.077,0.3,5.0,33.24767662528196,0.08522535954945773,0.9392871290168032
185,SL0,0.077,0.3,5.0,19.899494852782325,0.11899659885736373,0.6206740535936249
185,Zero-filled,,,,19.700250752458626,0.11929427740379765,0.6135132046206981
186,ISRSL0_wiener,0.077,0.3,5.0,25.543371303913954,0.39937687204501443,0.670022152272821
186,ISRSL0_BM3D,0.077,0.3,5.0,24.230940218526946,0.3839369241605433,0.675429652306116
186,SL0,0.077,0.3,5.0,18.272007042399665,0.38807768604607956,0.5965040196686672
186,Zero-filled,,,,16.739260728451367,0.3889766561605045,0.5796975356025248
187,ISRSL0_wiener,0.077,0.3,5.0,21.55411862829711,0.2545364134910379,0.6966293586718408
187,ISRSL0_BM3D,0.077,0.3,5.0,20.73379585669182,0.237647052982998,0.6764569234559527
187,SL0,0.077,0.3,5.0,20.565594668102175,0.2531429463754087,0.5859199196632722
187,Zero-filled,,,,20.319364945886228,0.2532919084718927,0.5831175687636723
188,ISRSL0_wiener,0.077,0.3,5.0,29.62867665301988,0.2739423829607538,0.7717595856854241
188,ISRSL0_BM3D,0.077,0.3,5.0,25.476123081355688,0.25918508012831465,0.7476937072029081
188,SL0,0.077,0.3,5.0,23.66585794701151,0.27066570673413803,0.6505760474458979
188,Zero-filled,,,,22.81244513366228,0.2708921984998492,0.6422136613089242
189,ISRSL0_wiener,0.077,0.3,5.0,24.40195161156074,0.3484536077746015,0.7002090288711903
189,ISRSL0_BM3D,0.077,0.3,5.0,23.17794526807944,0.3321362238649865,0.7008000031910546
189,SL0,0.077,0.3,5.0,18.689788164867753,0.33825174481049397,0.6051014848771531
189,Zero-filled,,,,17.50511812945492,0.3390149294729781,0.5895851889679881
190,ISRSL0_wiener,0.077,0.3,5.0,28.819165739100438,0.27258040189998806,0.7694013283539431
190,ISRSL0_BM3D,0.077,0.3,5.0,27.865680037086307,0.25802204163468195,0.7730062295872229
190,SL0,0.077,0.3,5.0,23.76450855033091,0.274406321141503,0.6461950427924207
190,Zero-filled,,,,23.04458417379329,0.27465749587987903,0.6375747406802216
191,ISRSL0_wiener,0.077,0.3,5.0,26.586499126700183,0.22499940681500313,0.7547746185034043
191,ISRSL0_BM3D,0.077,0.3,5.0,24.885821144220724,0.2099609605262957,0.7345805158584239
191,SL0,0.077,0.3,5.0,24.11400886197139,0.22293824478670043,0.6600792599156521
191,Zero-filled,,,,23.931058015785283,0.2229850232724341,0.6589438908348513
192,ISRSL0_wiener,0.077,0.3,5.0,29.082373356973022,0.17713610850967396,0.8417366247851598
192,ISRSL0_BM3D,0.077,0.3,5.0,30.087800608727548,0.16707826435504958,0.8658087829312171
192,SL0,0.077,0.3,5.0,18.98331099084923,0.1852825641980278,0.6265769531859011
192,Zero-filled,,,,18.453338540504422,0.18586795777331444,0.6122824584149542
193,ISRSL0_wiener,0.077,0.3,5.0,24.747112200406267,0.37438572424537936,0.6698051204029962
193,ISRSL0_BM3D,0.077,0.3,5.0,21.03072599087647,0.3591249563017423,0.6544656429196097
193,SL0,0.077,0.3,5.0,17.56742873781931,0.3642117592815073,0.5497003743340773
193,Zero-filled,,,,16.832791904921297,0.3648991989617899,0.5387807222538297
194,ISRSL0_wiener,0.077,0.3,5.0,26.023874282169732,0.3083839109610621,0.7181972783324121
194,ISRSL0_BM3D,0.077,0.3,5.0,25.41839644580803,0.291339610506191,0.7172032474892076
194,SL0,0.077,0.3,5.0,18.73569137542088,0.30612828306734086,0.5676581490031202
194,Zero-filled,,,,18.01158665949267,0.3068680780332105,0.5549984000531577
195,ISRSL0_wiener,0.077,0.3,5.0,29.286501394594197,0.17147810102264816,0.8113624961557596
195,ISRSL0_BM3D,0.077,0.3,5.0,29.145276643873043,0.1593050344210172,0.8261140476485078
195,SL0,0.077,0.3,5.0,28.33286384600344,0.17143422478404294,0.7397812397506439
195,Zero-filled,,,,28.14855010918418,0.17147022074512316,0.7385289982597733
196,ISRSL0_wiener,0.077,0.3,5.0,31.292898991989265,0.23362788249553437,0.804605795862324
196,ISRSL0_BM3D,0.077,0.3,5.0,31.732441411761787,0.22239996889126726,0.8164971933911573
196,SL0,0.077,0.3,5.0,18.64752162914482,0.2349438387217877,0.6139994280654704
196,Zero-filled,,,,17.973683380061015,0.2355410857955441,0.5993517173669779
197,ISRSL0_wiener,0.077,0.3,5.0,24.261306676475407,0.2140278666357504,0.7143516604336445
197,ISRSL0_BM3D,0.077,0.3,5.0,23.63691212913162,0.19673641486312907,0.7253428516310514
197,SL0,0.077,0.3,5.0,23.08413461952037,0.20870069650376616,0.6490475995608633
197,Zero-filled,,,,22.913399478268516,0.20880242069683494,0.647178671432098
198,ISRSL0_wiener,0.077,0.3,5.0,24.934170462948643,0.24960414196000055,0.739070300123596
198,ISRSL0_BM3D,0.077,0.3,5.0,24.77975538735359,0.2319288417170101,0.7315775305587499
198,SL0,0.077,0.3,5.0,24.146235289428244,0.24729257295139237,0.6260893376107192
198,Zero-filled,,,,23.882392989488373,0.2473938908410362,0.6238878714843604
MEAN,ISRSL0_wiener,0.077,,,26.42,0.288,0.731
MEAN,ISRSL0_BM3D,0.077,,,25.22,0.272,0.721
MEAN,SL0,0.077,,,22.91,0.285,0.619
MEAN,Zero-filled,,,,22.38,0.285,0.613
